ID,Title,Writer,Count
,소속사 때문에 가장 손해 본 것 같은 스타는?,,-
96270,[주갤] 최희? 이사람 비혼 선언했던 아나운서 아님?[580],ㅇㅇ,61855
96268,[해갤] 이영표 “포르투갈전 기대해볼 만하다[499],ㅇㅇ(172.226),44271
96266,[자갤] 한문철 레전드 또 갱신ㅋㅋㅋㅋㅋㅋㅋㅋㅋㅋ[381],ㅇㅇ(49.174),40868
96264,"[새갤] [단독] 경찰, ‘주소 거짓 신고’ 혐의 유승민 전 의원 ‘무혐의 결론’[212]",MEGABOX,16815
96262,[야갤] 이등병 원인미상 총상 사망..아버지 글..jpg[1317],ㅇㅇ(203.10),49299
96258,[싱갤] 싱글벙글 이승기 정신병 고백... ㄹㅇ...[527],ㅇㅇ(220.116),68058
96256,[자갤] 자동차 운전자를 매너있게 만드는 방법.gif[641],ㅇㅇ(223.39),50342
96255,[군갤] 폴란드 : 선수금 1조 2천억 입금 FA-50 납기 꼭 맞춰달라+개량사업[851],ㅇㅇ,35260
96223,[중갤] 와들와들... 해외 축구팬 사이에서 이슈되고 있는 게임..JPG[107],샤인온미,49940
96249,[해갤] 한국.... 또 기록 세움 ㄷㄷ.....jpg[640],ㅇㅇ(1.249),78155
96221,[군갤] 부사관 모욕한 훈련병 구속…동기도 폭행[348],ㅇㅇ,24352
96276,[자갤] 람보르기니 드라이빙 익스페리언스 후기!![236],ㅇㅇ,22953
96252,[카연] 인류 유전자 개량 프로젝트 2화(완)[133],커워,15847
96312,[싱갤] 오싹오싹 일본 정치인 근황.JPG[406],윤필모,68747
96233,[야갤] 이태원 참사 부상자가 의사한테 들은 말.jpg[1228],ㅇㅇ(203.10),59621
96272,[군갤] 한국인 용병아재의 총기리뷰들[352],ㅇㅇ,32365
96251,"[중갤] 檢, ‘남욱에 간 50억, 李선거·로비 자금’ 명시 문건 확보[294]",이혜리,10471
96304,[카연] 3화_이세계로 소환되어 여흑마법사와 강제 계약하는.manhwa[73],마포대교,10705
96253,[야갤] 치어리더 술서빙 이벤트 취소[462],ㅇㅇ(118.235),39488
96308,[식갤] 무 구경하고가[196],quit,13401
96274,[주갤] 한녀랑 결혼하면 꼭 구비해야하는 비타민.jpg[780],ㅇㅇ(223.33),65874
96298,[싱갤] 싱글벙글 미쳐버린 서양 PC충들 근황[783],ㅇㅇ(121.167),77062
96300,[헬갤] 남자 강간으로 몰아가려는 꽃뱀..jpg[484],장소삼,60124
96302,[디갤] 비오는 서울은 사이버펑크 치트키다 (25)[215],photographer,24508
96290,[해갤] 대버지가 말하는 김진수 못해보이는 이유[443],해적선.,65994
96228,[기갤] 류승룡 ㅋㅋㅋ 과몰입했네[215],ㅇㅇ(118.235),31263
96296,[F갤] 조규성보다 훨씬 더 잘생긴 정승원도 있는데 지금 조규성 난리난거보면..[538],ㅇㅇ(175.223),40900
96286,[카연] 플루타르코스 영웅전: 로물루스편[53],아오시발,7854
96294,[컴갤] ??? : 못난이 그래픽카드 팔아요[751],ㅇㅇ(223.39),52541
96282,[싱갤] 싱글벙글 한국과는 달라도 너무 다른 서양의 외모취향(*Chad밈)[772],ㅇㅇ(124.50),73750
96278,[던갤] 호텔 크리스마스 케이크[194],담부탕,24171
96280,[오갤] 사진첩에 잠자고 있던 소고기 오마카세 모퉁이우 ripe[121],술사먹는곰,16661
96310,[주갤] 과수원게이 우즈벡 국제결혼 도전기 6편 - 맞선 둘쨰날 및 신부집 방문[292],과수원게이,36088
96245,"[호갤] [브루노 안드라데] 포르투갈, 호날두의 득점에 대한 재확인 요청 [215]",케일러나바스,16771
96220,[카연] 소꿉친구가 여친이생겼다 6화[82],유화_,15228
96215,[남갤] 온니들 발렌시아가 화보 논란봤긔?[344],ㅇㅇ(223.38),29224
96227,[싱갤] 으악으악 7년전 11번가 염산 판매사건[401],ㅇㅇ(124.54),56685
96224,"[국갤] 전장연, 조계사 대웅전 기습 점거…""주호영 만날 때까지 기다린다""[539]",코드1,18728
96238,[해갤] ■16년전 대한민국 vs 토고 박지성 볼터치.gif[521],ㅇㅇ(14.53),41854
96232,[호갤] 메시는 이제 성역이라 웬만한 논란으로는 타격 없지[263],호우호우,26840
96247,[국갤] 서민 MBC사장 횡령혐의로 고발[227],ㅇㅇ(39.115),22523
96217,[주갤] 36살 애기나이에 고물줍는 텐프로 출신 여자[629],ㅇㅇ,76747
96248,[주갤] 여친이 사치해서 킹받는 남친[304],주갤현자,53119
,"[디시人터뷰] 볼수록 빠져드는 순수한 매력의 걸그룹, ‘앨리스(ALICE)’",,-
96239,[싱갤] (극혐주의) 냠냠쩝쩝 베트남 갯지렁이 음식[853],ㅇㅇ(118.40),41209
96236,"[중갤] ""윤석열, 대장동 연루""…'추천 수 조작' 기소[327]",다섯살후니,16585
96230,[원갤] 원피스빵 홈플러스 단독출시[420],ㅇㅇ(61.77),40860
96234,[야갤] 21세기.. 현실판... 로빈후드... 궁수... 마스터... gif[365],로빈후드(220.92),31444
96219,[국갤] 업무개시명령 크리 맞은 화물연대 근황[682],3075#,31889
96216,[야갤] 모녀살해 살인범 ㄷㄷㄷ[266],ㅇㅇ(125.142),32625
96241,"[국갤] [속보]검찰, 정경심 전 교수 형집행정지 2차 신청 불허[207]",Sutton,12553
96742,[부갤] 영끌특 : 너만 돈 없지 한국에 돈있는 사람 많아(현실)[286],ㅇㅇ(223.62),35379
,소속사 때문에 가장 손해 본 것 같은 스타는?,,-
96696,[야갤] 고전적 유사과학 모음.jpg[570],Chart_Manager,28783
96740,[이갤] 이승기 전속계약해약 통지서 보냄[315],ㅇㅇ(106.102),24360
96738,"[야갤] 文 회고록 “노무현, 화물연대 파업때 화 많이 내며 강경대응 지시”[582]",ㅇㅇ(203.228),36512
,"[디시人터뷰] 볼수록 빠져드는 순수한 매력의 걸그룹, ‘앨리스(ALICE)’",,-
96767,[국갤] '출근길 시위' 전장연 활동가 11명 檢 송치…박경석 대표 제외[193],Sutton,13682
96754,[디갤] 엄마가 보내온 아이슬란드 폰카 사진 몇 장...[143],ㅂㄴㄹ,14683
96716,[중갤] [단독]與 ‘여가부 폐지’ 대신 성평등가족부 가닥… 공약 후퇴 논란 불가[768],다섯살후니,16073
96752,[기음] [월드컵 특집] 포르투갈 사람들은 뭘먹고 살까.jpg[265],dd(122.34),23433
96736,[해갤] 변희수 하사 순직 ‘불인정’[420],ㅇㅇ(118.235),19587
96787,[싱갤] 명탐정 코난 검은조직편 신작 예고편 공개!(속보)[398],ㅇㅇ,29005
96735,[백갤] 가나에 대한 흥미로운 사실 몇가지[243],ㅇㅇ,21881
96785,[카연] MCU vs 한마 바키 (13) - 바키 vs 톤톤정 (1)[197],즐희,22678
96707,[싱갤] 싱글 벙글 메카물 씹덕 꼴잘알 감독이 만든 영화[443],ㅇㅇ,49206
96750,[해갤] 야구가 레저가 아닌 이유.[287],ㅇㅇ(121.149),24798
96784,"[중갤] [단독] ""파업 끝나면 반드시 응징""…보복 예고한 화물연대 지역 간부[383]",다섯살후니,23853
96714,[싱갤] 성형외과 갔다가 현타느낀 사람[319],ㅇㅇ(59.14),65864
96746,[싱갤] 싱글벙글 김민경 세계대회 19위의 진실.jpg[420],ㅇㅇ(121.182),48336
96780,[판갤] 게임 핵 유통 잘못하면 ㅈ되는 이유.jpg[286],치둑희,50643
96712,[출갤] 668만명의 특수노동자들(화물기사등)을 어떻게 밑바닥 취급하는가..??[367],ㅇㅇ(211.177),17450
96744,[블갤] 카페 후기)일본 작가 한국 여행 도와주고 선물 받았다[352],네즈마요,28738
96778,"[국갤] 특수본, 이임재 전 용산서장 등 경찰 4명 구속영장[145]",Sutton,9009
96711,[힙갤] 노엘 클라스 여전하노[368],ㅇㅇ(223.33),34393
96756,[싱갤] 싱글벙글 남조선이 대한민국인줄 몰랐던 북한군인.jpg[360],ㅇㅇ(220.83),52942
96777,[중갤] ‘남교사가 남고생 성추행’ 학교 전수조사 해보니 40명 추가 피해 정황[366],다섯살후니,24710
96710,[기갤] 속보) 화물연대 복귀 조짐... 현장 복귀하는 조합원들[329],ㅇㅇ(211.234),21056
96763,[싱갤] 싱글벙글 바이크 수트의 중요성…gif[398],ㅇㅇ,35530
96708,"[국갤] 포스코 지회장 “민노총, 조합비 수억 받으면서 도와주는 건 없다”[128]",삼색냥집사,15195
96720,[제갤] 조선인 발작버튼 눌렀네ㅋㅋ[423],ㅇㅇ(1.251),35004
96762,[부갤] 둔촌주공 사진 이거 진짜냐???????[384],ㅇㅇ(119.197),35874
96703,"[만갤] 블리치 뮤지컬 진짜 ""레전드"" 떴다 ㅋㅋㅋㅋㅋ.gif[502]",ㅇㅇ(211.184),54441
96724,[싱갤] 싱글벙글 대한민국 국방과학연구소가 개발중인 신무기[392],광규민두화운동,29408
96760,"[야갤] (속보)文 ""서해 피격 수사, 도 넘지 말길""[899]",ㅇㅇ(223.38),26817
96702,[모갤] 현직이 말하는 현재 코렐 내부상황[190],ㅇㅇ(222.236),29040
96759,[주갤] [국결같이보자] 동탄형님을 위해 준비한 이세계물 (러시아)[159],ㅇㅇ(58.231),16393
96700,[국갤] 현재 숨통 막히고 있다는 상황 ㅋㅋㅋㅋㅋ.JPG[482],ㅇㅇ,41735
96699,[싱갤] 싱글벙글 1세대 한류스타 배용준의 그당시 일본인기[333],ㅇㅇ(121.172),22080
96733,[싱갤] 오싹오싹 배신자 처단[191],ㅇㅇ(175.198),44576
96698,"[중갤] 이준석, 직접 '온라인 커뮤니티' 만든다..이대남 모으나[498]",원희룡,17968
96775,[싱갤] 싱글벙글 심심해서 찾아본 여자 사시 공인[234],ㅇㅇ(180.92),37586
96774,[갤갤] ‘갤럭시 Z 플립4 메종 마르지엘라 에디션’ 8초만에 완판[329],리우루,25906
96719,[중갤] [스압] 2022 12월 출시 게임+행사...webp[168],주토피아,16448
96725,[국갤] '화물파업' 이끈 현정희 왜 왔나…서울지하철 협상 결렬 전말[176],ㅇㅇ(1.233),13022
96771,[토갤] ㅅㅂㅋㅋ 무당도르 떴다!!![259],ㅇㅇ(119.206),27093
96731,[지갤] 올해 던파에서 밀고있는 마스코트[304],ㅇㅇ,38583
96758,[군갤] 한국전쟁에서 홀로 중공군 50명을 사살한 미야무라 히로시 별세[490],-------,26695
96729,[중갤] 이재용에 계란 던진 사람은 방송인 이매리...이유 들어봤더니[472],다섯살후니,28698
96717,"[국갤] 법무부, '이춘재 대신 살인 누명' 국가배상판결 항소 포기[149]",삼색냥집사,9706
96727,[스갤] 갤럭시탭 전 제품 가격 인상[451],ㅇㅇ(138.199),23474
96769,[중갤] 구글플레이 선정... 올해의 게임들...jpg[210],ㅇㅇ,35862
96772,[해갤] 신두형이 이적할 예정인 알나스르에 대해 알아보자[86],ㅇㅇ(140.248),23720
96314,[닌갤] [요리대회] 구운 상급 짐승 고기와 스파이시 고기구이 上[93],ㅇㅇ,14325
96364,[오갤] 취미로서의 미식을 생각했을때 가장 공감갔던 말[478],ㅇㅇ,20960
96366,[스갤] 올해 미스 어스 우승자 보고 가라 ㄷㄷ[428],ㅇㅇ(118.235),35537
96362,[싱갤] 싱글벙글 도쿄 3종 세트......jpg[182],ㅇㅇ(118.218),41505
,소속사 때문에 가장 손해 본 것 같은 스타는?,,-
96361,[상갤] 혐주의) 의외로 길예르모 델토로 감독....우주명작....gif[137],ㅇㅇ(175.119),24346
96359,[야갤] 대한민국 축구 국가대표팀 역대 주장에 대해 araboja...jpg[475],ㅇㅇ(125.137),43398
,"[디시人터뷰] 볼수록 빠져드는 순수한 매력의 걸그룹, ‘앨리스(ALICE)’",,-
96357,[U갤] 보기 이쁜 몸과 진짜 쌘몸의 차이[522],ㅇㅇ(125.134),54998
96383,[부갤] 영끝 김태희 팬 고소로 부동산 이자 충당 ㄷㄷ[486],ㅇㅇ(100.2),39564
96382,[싱갤] 싱글벙글 너의 결혼식.manhwa[145],ㅇㅇ(221.157),36293
96356,[싱갤] 싱글벙글 변호사가 말하는 한국 마약 범죄 특징[572],ㅇㅇ(221.159),58756
96380,[코갤] 연기금 주식성적 근황[457],응기잌,22645
96384,[스갤] 김계란 근황 ㄷㄷ .jpg[417],ㅇㅇ,67919
96354,[유갤] 실리콘밸리에서 해고 당하는 사람들 정체[494],ㅇㅇ(212.102),35064
96402,"[싱갤] 싱글벙글 ""아리"" 이름 금지[653]",ㅇㅇ,47079
96352,[주갤] [카톡같이보자] 아픈 남친 버리고 남자랑 여행가는 한녀[605],ㅇㅇ(117.111),35531
96401,[야갤] 가나전 이후 가나출신 유튜버 근황[627],ㅇㅇ(1.233),39518
96349,[카연] 검의 계승자 47화[22],웹툰그려야지,3400
96400,"[국갤] 대통령실, 상민장관 해임건의안에 “거부권, 국조 전면보이콧 시사” !![144]",7059#,9740
96347,[중갤] 블루아카이브... 표절논란...jpg[626],ㅇㅇ(121.129),42372
96398,[야갤] ㅓㅜㅑ... 의사센세 국결 선언..... 더쿠 언냐들 반응...[1983],ㅇㅇ(121.168),67591
96346,[야갤] 남친한데... 크리스마스.. 선물 받고 싶은.. K-언냐.. jpg[803],언냐(220.92),40972
96342,[야갤] 필리핀 여자들이 한국 남자를 선호하는 이유[1338],ㅇㅇ,65692
96339,"[야갤] 이태원 생존자 ""내년 할로윈에도 이태원 다시 가겠다"".jpg[784]",ㅇㅇ(203.10),55597
96397,[싱갤] 35살 비혼 친구랑 싸운 아기엄마[733],ㅇㅇ(116.125),48340
96336,[해갤] 한국 대표팀 감독으로 온 알렉스 퍼거슨.txt[357],ㅇㅇ(223.33),59739
96394,"[기갤] 디스패치 ""이승기, 감자탕, 그리고 루이비X""…권진영, 28억 법카의 [421]",ㅇㅇ(164.125),25133
96324,[생갤] 본인의 EDC지갑인데[283],블라,25406
96392,"[해갤] 피파 기술위, 호날두 우루과이전 골 인정X[281]",ㅇㅇ(203.226),28438
96322,[주갤] 블라 인기글[654],ㅇㅇ(211.234),49182
96321,[L갤] 안되겟다 조권이랑 김호영 티켓 끊어[209],ㅇㅇ(119.203),28269
96391,[기갤] 더참사 한동훈 집 주소 공개함[569],ㅇㅇ(223.38),27384
96317,[주갤] 국결하고 왔다 반말할꺼다 형들[936],ㅇㅇ(106.101),41989
96390,[싱갤] 어제자 상하이 지하철 근황[310],ㅇㅇ(138.199),37359
96379,[노갤] 리전의 역사[77],ooOoo,10390
96326,[카연] -1- 퇴근하고 왔는데 아내가 ㅗㅜㅑ..[229],너라는카나리아가필요해,41842
96388,[주갤] [에타같이보자] 통계도 이해 못하는 저능아들이노[287],에타같이보자,19994
96334,[필갤] 펜붕이 오랜만에 사진 (1)[25],ㅇㅇ(175.202),6404
96316,[카연] 동정차별.manhwa(3)[250],ㄴ비ㅇ,16563
96386,[코갤] 오피셜) 동원건설 부도[411],ㅇ ㅇ(211.215),29165
96332,[해갤] 국대 주장 혹은 연예인[311],ㅇㅇ(193.182),50349
96331,[싱갤] 앰흑앰흑 한국에서 활동하는 흑인 유명인[345],ㅇㅇ(1.210),44029
96329,[야갤] 야붕이 화들짝!..인스타 인플루언서 실물 대참사..jpg[678/1],과해베로스,70066
96327,[싱갤] 알쏭달쏭 경제랑 경영이랑 뭐가 달라요?[568],치토스회오리,43027
96378,[야갤] 애국보수 추미애 근황....real[486],TAENGGU,42103
96375,[국갤] 오늘 서울교통공사 노조 지하철 파업[339],lllllll,16627
96374,[해갤] 손흥민 대놓고 후드러패는 기사[302],ㅇㅇ(115.93),45959
96369,[싱갤] 싱글벙글 고추장 안 쓰는 떡볶이[398],나무미끄럼틀,35568
96370,"[중갤] [단독] ""우릴 ATM 취급""…포스코, 민주노총 탈퇴 눈앞[251]",ㅇㅇ,18446
96367,[카연] 영원한 요새의 쓰레기에 대해[60],셋하나둘은둘셋하나,11402
96371,[인갤] 본인쟝 선정 베스트 게임 보스[155],ㅇㅇ(124.61),16392
95822,[싱갤] 실시간 베이징 시위 상황...mp4[671],잉솜,38511
95737,[싱갤] 역겹역겹 오늘 TV 동물농장 방송 이중성.jpg[318],ㅇㅇ(58.232),69607
,소속사 때문에 가장 손해 본 것 같은 스타는?,,-
95821,[D갤] 이제 집에 와서 쓰는 팬미팅 후기[67],귀찮AA,13629
,"[디시人터뷰] 볼수록 빠져드는 순수한 매력의 걸그룹, ‘앨리스(ALICE)’",,-
95819,[칵갤] 오늘의 완장 바 리뷰[49],よっぱらい,7503
95817,[오갤] 협업 홈마카세 (떡밥프리 홈마카세 - 이게 호화아닐까?)[59],Hnihni,5896
95832,[해갤] 일본 - 코스타리카전 관중석 욱일기 근황.JPG[965],ㅇㅇ(119.197),35277
95815,[디갤] 맨날 가는 곳에서 맨날 하던 거 (26)[44],photographer,5286
95834,[국갤] [ㅎㅂ주의] 퀸남국 근황[227],lllllll,30991
95830,"[국갤] 대통령실, 파업 피해 손해배상 청구 검토[478]",코드1,15051
95813,[카연] 요망한 신입 여직원 민하씨 8[152],팬케익,25523
95828,[상갤] 역대 DC....실사.....배트맨...모음...gif[209],ㅇㅇ(175.119),24416
95807,[일갤] 부코산(武甲山) 등산 - 1부 요코제역에서 입구까지[25],치바사진충,2481
95827,[싱갤] 일본vs코스타리카 0:1 패[294],ㅇㅇ(124.50),17925
95840,[야갤] 이번 추락 헬기 사망자가 5명인 이유...jpg[507],ㅎㅎ(211.36),38242
95773,[싱갤] 쿵쾅쿵쾅...신촌 메가박스 레전드....jpg[640],ㅇㅇ,64568
95826,[카연] 이세계 일반 이하 모험가이야기 5화. MANHWA[46],한스짐머가쓰는vst는?,5275
95839,[해갤] 모로코 후반전 선제골 gif ㅋㅋㅋㅋㅋ[165],야갤학,30292
95771,[특갤] (11월 26일까지) 이번 주 기술 소식들[87],슈퍼130클럽,17768
95824,[야갤] 전북현대모터스....축구 실력 논란...jpg[279],콜라환타,39797
95838,[주갤] [에타같이보자] ???: 개찐따 같아서 페미 마렵네[283],에타같이보자,25412
95835,[야갤] 어제자 동물농장..애견카페 동물 학대 논란..jpg[468],ㅇㅇ(86.48),35045
95769,[중갤] 위쳐랑 콜라보한 로아 싸움남...jpg[685],ㅇㅇ(1.253),55369
95755,[야갤] ㅓㅜㅑ 일요일 중계..전국 노래자랑..탑 쎄븐 발표..jpg[373],티롱씨4,57402
95836,[싱갤] 싱글벙글 홀로그램과 결혼한 남자.JPG[358],윤필모,46648
95753,[기갤] 조규성 인스타 난리났네[661],ㅇㅇ,56153
95765,"[군갤] 베이징, 란저우에서도 반정부 시위 발생했다고함[465]",범상어,27953
95751,[야갤] ㅓㅜㅑ 공중파..드라마..야스..탑 빠이브 발표...jpg[236],티롱씨4,67237
95787,[싱갤] 싱글벙글 인생 살면서 필요한 꿀팁촌[393],LizDebicki,72442
95793,"[이갤] 루크맘 1일차 행사장 후기 및 리뷰(1/2, 사진 크고 많음)[32]",ㅇㅇ,4478
95763,[위갤] Byob 후기[43],peat약사,11509
95747,[싱갤] 싱글벙글 2060년 디시 미리보기[475],별에말,54338
95791,[커갤] 대충 카페쇼 갔다온 후기[89],커잘알,8762
95783,[국갤] 소위 청담동 게이트 제보자 근황 ㅋㅋㅋㅋ[350],구루자,44840
95805,[토갤] [월드컵] 각국 대표팀 숙소 사진들 JPG[149],탕귀은돔벨레,20900
95761,[해갤] 대화의 희열 - 안정환편[260],ㅇㅇ(45.32),23485
95779,[블갤] 아미 오브 퍼레이드 수상작[39],오거아저씨,10171
95743,[이갤] 주장과 막내 훈련 컷[76],ㅇㅇ(125.129),22674
95759,[치갤] [시리즈] 구강 관리하고 충치 예방하기 4편 - 입냄새편[164],구강정보(138.199),18728
95775,[그갤] 최근 손그림 모음 [95],검은비,12523
95741,[주갤] 30대 중후반 여자랑 하는 결혼이 이해 안가는 블라인드남[876],주갤현자,60388
95781,[싱갤] 32년만에 물가상승률 최고치 기록한 뉴질랜드 물가 근황[539],ㅇㅇ(212.102),49563
95757,[싱갤] 꼴릿꼴릿 인스타감성으로 콜라주된 고전명화들[231],ㅇㅇ(122.42),43215
95739,[야갤] 어제자...멜론뮤직어워드...뒷말 나오는 이유...jpg[925],ㅇㅇ(222.100),66590
95799,[여갤] 삼성 vs 하뱅 직관 후기.[60],배드리지,9171
95803,[캐갤] 당신의 유전자는 많은 것을 알고 있다 - 유전자 검사 후기[290],캐나다외노자,28336
95801,[싱갤] 싱글벙글 아시아팀 16강 진출확률 근황.jpg[201],ㅇㅇ,35141
95785,[교갤] 지방직 남자 9급 근황.jpg[852],ㅇㅇ(1.239),80143
95795,[러갤] 네소베리 후기 남겨준다.[93],시부야카논사랑해,7599
95777,[싱갤] 싱글벙글 선물 받은 편의점 알바생 후기...real[212],봄바람,65872
95797,[싱갤] 무럭무럭 키 2미터 김요한이 클 수 있었던 이유[420],ㅇㅇ(39.119),37583
96872,[카연] 김야순..월드컵의 악몽..manhwa[384],김말복,36505
,소속사 때문에 가장 손해 본 것 같은 스타는?,,-
96868,[야갤] AV 배우 딸롱도르 2022 결과 발표[308],ㅇㅇ(125.142),60840
,"[디시人터뷰] 볼수록 빠져드는 순수한 매력의 걸그룹, ‘앨리스(ALICE)’",,-
96866,[싱갤] 평화로운 중고나라.jpg[338],0000(211.109),47439
96901,[야갤] 벨기에..탈락 루카쿠 활약상.gif[393],패귀건우,36759
96864,[닌갤] [요리대회] 구운 상급 짐승 고기와 스파이시 고기구이 下[76],ㅇㅇ,13838
96884,[카연] [단편] 여사친이 임신한 만화[236],니나노,40385
96862,[헬갤] 언제 나오노[270],미고스,24383
96883,[해갤] 축구전문 해설위원 ‘서형욱’ 레전드.jpg[116],ㅇㅇ(175.118),30238
96886,"[바갤] (공포,혐주의) 바이오하자드 7의 공포영화 오마주들 총정리[173]",ㅇㅇ(121.128),21730
96881,"[주갤] 800일 만나고 바람 핀 여친의 카톡, 인스타를 염탐하는 남성[108]",주갤현자,50670
96858,[야갤] 요즘 블라인드에 국제결혼 글쓰면 안되는 이유...[894],ㅇㅇ(125.130),62841
96899,[야갤] 일본 동점+역전골...gif[804/1],캡증,34427
96856,[오갤] 오늘 받은 것들[29],원산지표시판,13939
96879,[싱갤] 싱글벙글 동양에서는 절대 못 참는 것[336],ㅇㅇ(211.243),66676
96852,[중갤] 안성 좃소 생산직 이슬람 외노자 썰[333],ㅣㅣㅣ(106.102),39981
96878,[상갤] 역대 아담스 패밀리 시리즈 변천사[141],ㅇㅇ(1.232),20731
96876,[물갤] 간단하게 알아보는 비타민(vitamin)에 대하여[132],샛별이반짝이는새벽에,20759
96893,[싱갤] 싱글벙글 북한에서 소고기 먹는 방법.jpg[472/1],ㅇㅇ(220.83),69242
96896,[주갤] 비혼 후회하는 더쿠녀[494],주갤현자,65749
96888,[미갤] 파이낼션쥬스의 파월의장 발언들 모음[91],ㅇㅇ(114.207),21996
96898,[마갤] 마우스 청소 하는 방법[370],데비룽,49137
96894,"[오갤] 북해도, 아사히카와 주판점&사케바 추천[46]",아드복어,8953
96850,[싱갤] 싱글벙글 연관검색어가 '엉망진창'인 콘서트....[446],ㅇㅇ(119.196),47412
96874,[블갤] 100번째 블붕이 밤샘단 합정 후기[69],준돌이~,9015
96818,[야갤] 호주 16강 진출.. ㄹㅇ 드라마인 이유..jpg[213],ㅇㅇ,43354
96816,"[야갤] 속보)김어준, tbs 뉴스공장 하차[761]",ㅇㅇ(221.143),39160
96846,[주갤] [블라같이보자] ver. 딸에게 순결을 가르치고 싶다[1467],ㅇㅇ(106.102),42620
96891,[야갤] K- 누나들... 클럽 화장... 변신술... 大 참극.. gif[665],화장(220.92),82145
96844,[미갤] -75% 까지 오게된 과정[434],ㅇㅇ(175.196),40613
96815,[이갤] (스압) 늦게 올리는 대전 후기 (+보너스 만화 있음)[48],kakika,7219
96799,[타갤] 중국 애도기간 2주일 이상 선포 예정[324],PAKFA,32797
96797,[차갤] 월간차갤 리퀴데이션 - 2022년 11월호[101],월차,5301
96811,[국갤] 이태원 참사 유가족 간담회 불참한 국민의힘[747],ㅇㅇ(222.96),26470
96842,"[카연] [경제툰] 개미왕국의 전성기, 경제 호황기 이야기.manhwa[101]",무선혜드셋,13117
96795,[새갤] [단독] 중국 시위대의 절박한 호소 “한국인도 A4용지를 들어주세요”[1119],물냉면비빔냉면,27359
96813,[이갤] 이강인 새 인터뷰[173],ㅇㅇ(125.129),26874
96840,[국갤] 오늘자 민주노총 성명문 ㅗㅜㅑ[527],ㅇㅇ,33765
96832,[러갤] 민주주의 국가 캐나다의 실시간 시위진압 영상[368],ㅇㅇ(211.246),32011
96793,[싱갤] PCPC 올해 PC 묻은 작품 중 유일하게 흥행한 사례[285],초능력화신,37009
96805,"[새갤] ""XX아""…'맷값 폭행 사건' 최철원, 이번엔 욕설 갑질 논란[160]",R200,13453
96820,[코갤] 7천 -> 20억 -> 빚 2억5천[536],주남,57613
96828,[싱갤] 안싱글벙글 젠더 지랄의 시초[242],따뜻한냉커피,48920
96836,[엑갤] 지금 PC MMORPG 상황.jpg[590],타레,45375
96809,[싱갤] 싱글벙글 가장 과소평가된 공룡 분류군[177],"ㅅㅇ,",44395
96822,"[국갤] MBC ‘슬리퍼 논란 기자’, 창사 기념식서 상 받았다…제3노조 반발[444]",AZ3811,25178
96838,[싱갤] 싱글벙글 2023년부터 달라지는 것들...jpg[721/1],빠요엔,70043
96792,[야갤] 어우.... 실베갔던 한국인들 트위터 뒤져봤다[337],プラチナ,39463
96834,"[국갤] [단독] 서해 피살 유족 ""동생 숨진 직후 해경 '北 동경했나' 전화""[207]",ㅇㅇ,20752
96789,[사갤] 사이버펑크 TRPG 하던 사람이 본 엣지러너[164],ㅇㅇ(124.60),20832
96830,[토갤] 대한민국vs포르투갈 심판진 확정[332],닭쥐,36951
96489,[중갤] 버스 모니터에서 갑자기…수학여행 초등생들 '깜짝' 무슨 일[529],다섯살후니,41410
96552,[싱갤] 러시아 중고나라 .jpg[245],0000(122.36),59630
96582,[디갤] 고봉밥[91],GFX50R,17804
,"[디시人터뷰] 볼수록 빠져드는 순수한 매력의 걸그룹, ‘앨리스(ALICE)’",,-
96607,[싱갤] 싱글벙글 다시 보는 얼었어 시리즈[288],ㅇㅇ,54002
,소속사 때문에 가장 손해 본 것 같은 스타는?,,-
96548,[싱갤] 싱글벙글 통장싸개[368],좆좆소,63736
96546,[블갤] 블붕이 아즈사 총 만들어봄(스압주의)[135],김애니/KimAnnie,11861
96600,[코갤] 기괴) 그동안 코스프레 해본 것들로 AI 혹사시키기[89],[고라파덕],23205
96542,[주갤] 과거를 속이고 숨긴 아내에게 배신감이 듭니다[460],주갤현자,46134
96538,[대갤] 세계 유일 백합 카페 anchor 방문기[341],ㅇㅇ,31558
96531,[상갤] 2023년 외국영화 기대작 라인업.jpg[462],ㅇㅇ(121.182),34987
96540,[리갤] 드디어 걸렸구나 싶어서 쓰는 아카데미 시절 경험담[287],ㅇㅇ(211.109),53038
96534,[싱갤] 싱글벙글 요즘 신천지 수법[542],ㅇㅇ(121.161),67430
96520,[싱갤] 싱글벙글 2002년 당시 단 1초도 경기를 보지 않았던 사람[374],ㅇㅇ,53536
96530,[아갤] 강남역 실시간 난리남[1351],Pepsi,84712
96533,"[국갤] [단독] 이강택 TBS 대표, 사표 수리…후임 대표 선출 속도 붙나[109]",Sutton,13140
96599,[야갤] ㅓㅜㅑ 지식인..고민 사연..탑 빠이브 발표...jpg[231],티롱씨4,50373
96526,[싱갤] 싱글벙글 아이 쉽게 다루는법[664],ㅇㅇ(1.242),50434
96514,[싱갤] 싱글벙글 메시 조질려는 복서와 메시 지킬려는 ufc선수[310],ㅇㅇ(125.135),32352
96528,[야갤] 싱글벙글 김앤장보다 검사가 더 좋은 이유.jpg[614],콜라환타,53194
96517,"[블갤] 게관위: ""위믹스 상폐되어도 반드시 P2E 활성화시킬것.""[321]",ㅇㅇ,21858
96597,[야갤] 남자 인기있는 앞머리 top8 ..jpg[268],업햄,62279
96512,[야갤] 이스라엘 국결썰 풀어봄[980],ㅇㅇ(117.111),32888
96505,[싱갤] 시장에 나온 마이클 조던의 저택...jpg[449],ㅇㅇ(221.153),38302
96595,[블갤] 마인크래프트로 백귀야행 상점가 건축해보기(스압)[96],yakine,16426
96503,[출갤] 中 ‘탕핑족’ 佛 ‘희생당한 세대’… 세계 각국 확산되는 ‘N포세대’[691],한국뜬다,27651
96592,[리갤] 미야코지마 여행에서 찍은 사진들 올려요 (50장)[78],キセキヒカル,5059
96578,"[국갤] 일본초계기에 조준 사건,알고보니 탈북군인잡아 북송[779]",프라도,26766
96501,[싱갤] 경악경악 일본의 애플 에어태그 스토커용으로 악용중[190],ㅇㅇ(218.48),24979
96524,[자갤] 옥상에 사람이 매달렸다 신고.. 진짜 시신.[352],ㅇㅇ(125.142),51496
96590,[카연] 눈을 뜨니 무릎배개를 당했다 .manhwa[148],김소잉,23081
96566,[싱갤] 싱글벙글 25년전 만갤러들...jpg[524],빠요엔,42590
96570,[키갤] 심심한사람 유물구경하고갈래(2010 개넥센다이어리..스압)[82],ㅇㅇ(112.149),8703
96572,[카연] 스타크래프트2 창작 만화 -2화-[80],내가그린테란그림(119.70),11257
96568,[갤갤] 베리타시움에서 말하는 계획적 구식화[119],리우루,11284
96574,[싱갤] [혐주의]싱글벙글 밀웜으로 샌드위치 만들어 먹기[341],ㅇㅇ(58.228),34074
96576,[새갤] 일본 하쿠슈 증류소 유료견학 사진[102],ななせるい,9887
96556,[싱갤] 싱글벙글 베트남 타잔의 쥐고기 요리[499],ㅇㅇ(152.165),42540
96558,[노갤] 노트북 후기남겨본다앙~[216],ㅇㅇ(220.73),26536
96564,[가갤] 피식피식...K-아동용 애니메이션 근황.gif[611],아웃덕,48790
96554,[다갤] 고1 117->64kg 약 60키로 다이어트 감량 전후(약스압)[877],쿠이,43052
96586,[테갤] 15년간 준비해온 미연시야.[647],토리에트,38393
96588,[주갤] 싸우면 이혼하자는 아내[310],주갤현자,51784
96510,[미갤] 속보) 장쩌민 중국 전 국가주석 사망[384],운송이,31939
96494,[주갤] 20대 한녀，헤어진 남친 살인미수했다 ㄷㄷ[558],ㅇㅇ(221.145),29661
96490,[군갤] 신난 바황상과 미국 근황[175],외신번역군갤러,26595
96492,[싱갤] 싱글벙글 기독교인들이 동성애를 싫어하는 이유.jpg[726],ㅇㅇ(121.181),44702
96507,[F갤] 호날두 알 나스르행 근접 주급 50억과 근황[130],ㅇㅇ(223.39),17721
96550,[야갤] 드디어 정신차리기 시작한 요즘 한국여자들.jpg[2585],ㅇㅇ(125.242),87456
96500,"[특갤] 십스압,데이터주의)미드저니로 만든 isometric디오라마들[69]",ㅇㅇ(222.103),6877
96522,"[국갤] 화물연대 지부장, 비조합원 차량에 마이크 던져…현행범 체포[327]",코드1,18643
95628,[해갤] 사우디 패널티킥..슈쳉스니 선방 gif[179],야갤학,29531
95678,[싱갤] 싱글벙글 댕댕이 MBTI 등장[431],ㅇㅇ(114.205),37207
95680,"[국갤] 머니투데이 홍성근회장, 김만배와 수십억거래...검찰송치[211]",lllllll,12195
95676,[미갤] 엔비디아 근황[416],ㅇㅇ,51409
95709,[야갤] 카톡 소개팅 대참사..jpg[1002],ㅇㅇ(86.48),120414
95674,[싱갤] 훌쩍훌쩍 떡락각 잡혀가는 서울대급 학과[858],ㅇㅇ,82548
95711,[싱갤] 세계 항공사 순위 top10[339],ㅇㅇ(211.114),39747
95670,"[중갤] 尹 ""월드컵서 사우디와 붙으면 져줘야 하나""…與만찬 뒷이야기[571]",다섯살후니,33017
95668,[부갤] (충격) 양재천 점령중인 중국인들[563],ㅇㅇ(185.192),38722
95666,[싱갤] 오싹오싹 무섭고 황당한 표지판들 2[159],ㅇㅇ(180.66),39635
,소속사 때문에 가장 손해 본 것 같은 스타는?,,-
95662,"[국갤] 文정부, 'JSA 비무장화'한다며 남북합동초소 방치[352]",코드1,20960
95658,[싱갤] 싱글벙글 깃털이 발견된 대표적인 공룡들[336],"ㅅㅇ,",36052
95656,"[새갤] 5·18 1주년 추모식 참석했던 대학생, 41년만에 무죄[244]",R200,19497
95654,[싱갤] 싱글벙글 박정희-전두환 관계 일화[526],연보,25469
95639,[싱갤] 싱글벙글 인류 역사상 가장 미화된 인물.jpg[813],ㅇㅇ(118.41),80321
95638,[싱갤] 싱글벙글 태백급 씨름선수 vs 헬스인 4명 씨름대결[424],ㅇㅇ,40613
95643,[식갤] 타임랩스 성공한 오늘의 데로닉스 디카리[60],치즈케이크사주세요,6697
95653,[케갤] 미루고 미루고 미루고 또 미뤘던 성지 방문기! (2)[81],ㅇㅇ(211.185),7933
95636,[야갤] 대메갓 선제골.gif[267/1],캡증,44333
95634,[싱갤] 싱글벙글 음식별 설탕량[756],ㅇㅇ(124.50),51667
95633,[싱갤] 정말 화가 났던 블리치 작가....jpg[1219],ㅇㅇ(61.75),75895
95631,[더갤] 혹시 광주 가뭄 팩첵글 다른 커뮤로 퍼가줄 수 있음?[934],ㅇㅇ,20725
95629,[싱갤] 훌쩍훌쩍 가장의 현실[804/1],레이퀀스뱅큐어,63967
95717,[싱갤] 시발시발 울컥한 러시아군인.jpg[294],ㅇㅇ(119.70),57778
95721,[조갤] 입이 쩍 필콘 의식의 흐름[94],ㅇㅇ(223.38),13993
95719,[일갤] 어제 급하게 물어 다녀온 야사카~기요미즈데라 밤산책[73],한량금,7068
95651,[로갤] 탔워.. 디거좌 수리산벙[83],제로_콜라,7489
95649,[일갤] 사진많음)오사카 출장기념! 도톤보리에서 추천 타코야키집을 소개해볼게[96],B씨아저씨,9704
95648,[싱갤] 싱글벙글 중국이 축구를 못하는 이유.JPG[873],윤필모,65475
95725,[카연] (다크판타지 BGM수록) 4장 절대자 phase 2(2)[47],아스모모모,4825
,"[디시人터뷰] 볼수록 빠져드는 순수한 매력의 걸그룹, ‘앨리스(ALICE)’",,-
95715,[와갤] 어제의 와인들[102],Baloro,12975
95735,[여갤] 221126 MMA 멜론뮤직어워드 후기[70],와악,12954
95731,[야갤] 1990년 소련군 전역 앨범.jpg[196],ㅇㅇ(89.187),28324
95729,[국갤] 문재앙 군인사들의 농담.JPG[411],ㅁㅁ(39.116),46246
95727,[디갤] 과거사진 발굴 성공[228],유스더유스,31490
95646,[카연] 고딩 엄빠 2.manhwa[234],나나니,33340
95713,[모갤] 얼마전 4호선 미아 신고 서교공과 코레일의 떠넘기기[313],오늘의김에빵,20079
95644,[새갤] [속보] 양양 현북면 명주사 인근서 임차 헬기 추락[297],물냉면비빔냉면,16336
95690,[싱갤] 싱글벙글 햄버거가 사진과 다르면 안먹는 천조국 아재.jpg[539],ㅇㅇ,67334
95707,[오갤] 11.27 스시박현준(마츠모토) 디너코스 후기[89],ㅇㄹㅋ.,8698
95705,"[중갤] [단독]검찰, 김봉현 연인 ‘범인도피’ 구속영장 청구…법원이 기각[112]",다섯살후니,9819
95703,[싱갤] 싱글벙글 핵연료가 만들어지는 과정.jpg[548],ㅇㅇ(59.1),62066
95688,[중갤] 강경한 정부 “화물연대와 협상 없다…28일 하는 건 대화”[664],ㅇㅇ,22138
95697,[싱갤] 불백위도우 사격 대회 결과[304],ㅇㅇ(61.85),36676
95686,"[에갤] 에바대학생 본인쟝,,,,, 에반게리온 애장판 전권 구매 인증헌다~~~~~[171]",별랜,17878
95695,[카연] 음침녀에게 스토킹 당하는 만화[120],섬형,30246
95693,[국갤] 문소리는 수상자가 아님.jpg[587],Joke,39984
95684,"[군갤] 뒤늦게 올리는 계룡대 (아파치, 링스, 비호복합 등등)[50]",KAF017,11339
95672,"[기갤] 더탐사 일당, 자신들 고소한 한동훈 장관 자택 집단 침입[1153]",ㅇㅇ(39.7),29187
95692,[위갤] 솔직히 입문~초기한테 추천하는 라인업들[207],171717,24748
96131,[삼갤] 딘딘 인스타 근황.jpg[476],ㅇㅇ(58.226),47319
96172,[군갤] 어제(28일)밤 장쑤성 쉬저우 시내에 땅끄 입갤르[204],제4제국국밥부장관,17482
96171,[싱갤] 싱글벙글 버블경제 신입사원 혜택[268],Chart_Manager,35041
96197,[일갤] 호쿠리쿠 아치(아님) 가을여행 6박 7일 (5일차/6일차/7일차)[22],심연의노래,2923
96183,[기갤] 이재명 지지' 성명서에 히말라야 등반대장 이름 허위로 올려 벌금형[273],ㅇㅇ(223.33),19087
96169,[야갤] 오늘자.... MBC 근황... JPG[740],ㅇㅇ(39.115),52139
96181,[싱갤] 안싱글벙글 이미 지불한 액자값[316],ㅇㅇ(121.142),48527
96168,"[중갤] 검찰, '서해 피격' 서훈 전 국가안보실장 구속영장 청구[152]",ㅇㅇ(218.148),8581
96180,[국갤] 尹 “시멘트 분야 업무개시명령 발동…불법과 절대 타협 없다[572],얼음황,12761
96185,[카연] 옆집눈나랑 함께하는 만화 - 금발태닝눈나편 下[164],데밋(61.101),20249
96208,[야갤] 가나 음식에 대해 알아보자.jpg[386],ㅇㅇ(106.101),32085
96167,[세갤] AD 카바누바 바나나 센트 웻 왁스 리뷰[76],푸른K3,9184
96177,[부갤] 돼지머리로 이슬람 모욕하는 대구시민들[1116],ㅇㅇ(175.210),32512
96212,"[국갤] “강용석, 하얏트서 연예인과 부부동반 140만원어치 먹고 후원금 결제”[297]",Sutton,28039
96164,[주갤] 여자들이 하는 브라이덜 샤워 알아보자~[735],ㅇㅇ(183.101),48333
96195,[싱갤] 싱글벙글 한국 축구의 미래.jpg[266],ㅇㅇ(140.248),51657
96176,[러갤] NYT) 절망적인 NATO 상황.gisa[420],ㅇㅇ(202.86),28642
96213,[싱갤] 싱글벙글 독일 노인들이 서로 감시하는 이유[348],ㅇㅇ(116.127),49839
96209,[토갤] 이강인 가나전 공격전개 스페셜.gif[363],ㅇㅇ,27413
96163,[싱갤] 싱글벙글 현생 인류가 흑인으로 통일되지 않은 이유[649],흑화신,57138
96173,[외갤] 오늘자 미국 앰흑 축구선수 병신짓 ㅋㅋ[212],ㅇㅇ(118.235),26506
96193,"[국갤] 국힘, '한장관 자택침입' 더참사&민ㅈ당 공범자로 볼수밖에 없다[151]",7059#,13073
,소속사 때문에 가장 손해 본 것 같은 스타는?,,-
96191,[중갤] 무현질 갓겜 블소로 증명해버린 NC.JPG[694],ㅇㅇ(220.79),40270
96161,"[해갤] 박지성이 빈말이 아닌 ""진짜 해버지""인 이유.JPG[689]",ㅇㅇ(117.111),52103
,"[디시人터뷰] 볼수록 빠져드는 순수한 매력의 걸그룹, ‘앨리스(ALICE)’",,-
96145,[싱갤] 싱글벙글 상금 6억을 두고 벌어진 오지에서 살아남기 도전[275],ㅇㅇ(58.227),29577
96187,[해갤] ■ 축잘알 안펠레의 저주 ㄷㄷㄷㄷㄷㄷ.....jpg[252],ㅇㅇ(223.62),31730
96153,[야갤] 우리나라 월드컵 클리셰.jpg[371],ㅇㅇ(122.47),37437
96152,[주갤] 강간 허위신고 하려는 여자 녹취 공개[547],777(203.232),44942
96144,[자갤] 화물 파업으로 주유소 기름 오링나[457],투운(125.244),19956
96157,[야갤] 자랑스러운 K유튜버들 최신 근황 ㅗㅜㅑ....jpg[495],ㅇㅇ(223.39),67604
96156,[싱갤] ㅅㅅㅅㅅ 역사 속 퐁퐁남들 ㅗㅜㅑ[170],XXXX,60176
96155,[만갤] 진짜 버터 구분하는 방법.....jpg[482],수류탄이야,36920
96149,[해갤] 16강 경우의 수 완전 정리 ㅗㅜㅑ[504],ㅇㅇ(119.205),65759
96143,"[디갤] 제주도 우도 소머리오름, 비양도 등(27p)[33]",람머스맨,3407
96159,[중갤] 실시간으로 터진 니케 확률 주작 논란.jpg[557],ㅇㅇ(211.219),44806
96148,"[중갤] [단독] 11시 첫 보고받았다던 용산서장, 지시는 10시 36분에[167]",미나Lee,11146
96147,[카연] 뱀파이어의 연금술 23화 오베르트 가문[24],달청,3744
96141,[야갤] 실시간 조규성 인스타 근황...jpg[688],고속버스터미널,81677
96204,[싱갤] 체감체감 ai그림의 발전속도를 느껴보자.[524],ㅇㅇ(118.36),41866
96201,[철갤] 집에서 칼 만들면 불법이냐?[254],쵀.,33992
96136,[싱갤] 싱글벙글 일본 급식 근황[426],윤필모,48075
96207,[카연] 둔갑소녀 자미 6회[26],안기락,4067
96135,"[미갤] 속보) 테슬라, 전쟁 참전 [528]",가치투자자충,42739
96205,[스갤] 한국과 미국의 차음 솔루션의 차이 (공기전달음)[105],김ㅇㅇ,13076
96139,"[국갤] [단독] 용산 대통령실, 1층에 있는 기자실 '이전 검토'[285]",ㅇㅇ,15346
96140,[중갤] [단독]“훈계하지마” ..담임선생 뺨 때린 군위 초등학생[911],다섯살후니,25489
96199,"[국갤] 임이자 ""노란봉투법은 불법파업법""[147]",7059#,11286
96133,[해갤] 오늘자 손흥민 활약상[597],ㅇㅇ(158.255),57828
96132,[기갤] 속보)작년 남욱귀국은 문재인검찰과 불구속 약속받고 귀국[196],ㅇㅇ(121.134),10334
96189,"[주갤] 여자들, 20대에 결혼 하라는 진심 어린 조언 반응........[922]",주갤현자,54526
96991,[싱갤] 어나니머스 백지혁명 참전: 푸젠성/복건성 정부홈페이지다운 #OpChina[118],ㅇㅇ,9990
97042,[싱갤] 훌쩍훌쩍 방송 프로그램 하나가 망가진 순간[226],Chart_Manager,42370
97044,[야갤] 일본 축구...소름 돋는 이유.....jpg[518],ㅇㅇ(180.66),22010
,소속사 때문에 가장 손해 본 것 같은 스타는?,,-
97038,[기갤] 스페인 공주가 덕질하는 스페인 축구국대[125],ㅇㅇ(211.36),16798
,"[디시人터뷰] 볼수록 빠져드는 순수한 매력의 걸그룹, ‘앨리스(ALICE)’",,-
97036,"[국갤] 민주노총 “尹 ‘무찌르자 민주노총’, 국민들은 현혹되지 않는다”[308]",ㅇㅇ,11648
30638,실시간베스트 갤러리 이용 안내[798/2],,570224
97008,[카연] 초딩때 아는 누나 알몸 봤던 썰 Manhwa[218],악연,35383
97079,[야갤] 금은방 부수고 턴 10대들 검거[2],ㅇㅇ(37.19),160
97006,[모갤] 조합원 노조비로 고급뷔페 즐기는 철도노조 근황 ㄹㅇㅋㅋ[550],ㅇㅇ(222.236),19815
97012,"[국갤] 검찰, 조국 징역 5년 구형…입시비리·감찰무마 혐의[305]",삼색냥집사,11072
97078,[중갤] [충격] 칼리스토 프로토콜 국뽕 모음...jpg[61],ㅇㅇ(121.161),6679
97005,[싱갤] 싱글벙글 은근 한국에서 고평가 받는 인물.jpg[256],ㅇㅇ(1.244),44765
97022,[롯데] 오늘 방출된 망천선수 방출 사유[114],ㅇㅇ(223.38),16418
97076,[치갤] [시리즈] 구강 관리하고 충치 예방하기 5.5편 - 중간 QNA[27],구강정보(138.199),1154
97003,[그갤] 그림을 그려요[71],ㅇㅇ(125.186),6879
97020,[싱갤] 싱글벙글 서울대 포기하고 부경대가서 성공한 회장님[294],ㅇㅇ(49.171),33587
97024,[국갤] 더참사를 향한 조선생님의 일침…news[182],㈜개잡주,12480
97074,[야갤] 호날두 일본대하는 태도 vs 한국대하는 태도...jpg[263],메좆의야짤타임10,23184
97002,[가갤] 가붕이 블랙선 다보고 후기남기는 Manhwa.[50],습기제로,5773
97018,[차갤] 위믹스 가처분 심리 변호단 주장 요약[56],월차,7229
97072,[카연] 단편)소꿉친구와 팔씨름 하는법 manhwa.[중][50],앞구르기,4988
97034,[싱갤] 소름소름 소설 속 피싱조직.jpg[106],ㅇㅇ,15153
97001,"[기갤] 한동훈, 중국인투표권 박탈 가능성시사..네티즌들 ""적극 지지""[525]",ㅇㅇ,16720
97016,[건갤] 건담으로 보는 ㅈ소의 현실[113],ㅇㅇ,25478
97071,[싱갤] SBS 생활의 달인 레전드편[99],피넛버터젤리,28125
96999,[싱갤] 싱글벙글 서구로 망명한 KGB 아재.jpg[250],ㅇㅇ(58.140),20324
97030,[카연] 소꿉친구가 여친이생겼다 7화[84],유화_,7952
97014,[싱갤] 싱글벙글 칼을 맨손으로 막을수있는가? (실험영상)[426],ㅇㅇ(39.125),32240
97069,"[국갤] ""적반하장·졸렬·국민에 선넘어""…與, 文 겨냥 집중포화[125]",ㅇㅇ,4059
96995,[칸갤] 칸예: 난 히틀러가 좋다[341],M4D,18196
97057,[싱갤] 트랜스포머 역대 여주들 비교...(충격주의)[267],ㅇㅇ,13237
97055,[M갤] 일본격투기계를 이끄는 아사쿠라 형제 이야기 (1).gif(데이터주의)[41],ㅇㅇ(218.235),3795
97028,[캐갤] 선거 승리 후 밴쿠버/BC 정부의 파격행보[62],planbc,4834
96997,"[국갤] 9일째 화물연대 파업중, 정부 각 트럭마다 명령서 부착중[248]",7059#,13550
97067,[싱갤] 싱글벙글 월드컵 일본 응원 스시녀의 정체[238],ㅇㅇ(211.223),20466
97054,[자갤] 로드탁송 실상을 파헤쳐보자.gisa[117],ㅇㅇ(182.222),8103
97026,[싱갤] 싱글벙글 스시녀들이 뽑은 한국에 가면 하고싶은것들[494],ㅇㅇ,34584
96998,[기음] 맥날 신메뉴 산타 고기 버거.jpg[264],dd(122.34),27992
97051,[해갤] 일본 하지메 감독 16강 진출전에한 인터뷰 떴다[148],야갤학,9703
96993,"[국갤] '서해 피격' 유족 측 ""문재인 입장문, 유죄 증거로 내겠다""[230]",삼색냥집사,13234
97064,"[국갤] 화물파업에 공공주택 입주 차질…LH ""손해배상 청구 검토""[123]",ㅇㅇ,5912
97060,"[초갤] 교대,사대 전문대학원으로 개편예정[311]",ㅇㅇ(59.13),10411
97065,[기음] 양주 처음 먹어보는 2001년생들[334],공장,12530
97050,[여갤] 조규성 진짜 여친은 걸그룹 빌리 하람 친언니[209],메이슨마운트,20558
97048,[싱갤] 싱글벙글 픽사 애니 흥행 성적 순위[136],ㅇㅇ(220.87),12463
97063,[5갤] AGF 난리났네 ㅋㅋ[122],쿠쿠ㅎㅏ세요,10000
97047,[농갤] 나이키 농구 국대 스폰도 짤렷네[160],ㅇㅇ(218.39),14208
97046,[국갤] 남양유업 마약 사건… '검수원복' 덕에 잡았다[224],삼색냥집사,12772
97061,[싱갤] 훌쩍훌쩍 칸예 이제 사회적으로 죽은 이유[291],ㅇㅇ,18051
97059,[야갤] 싱글벙글... Q&A... 日 왕가슴.. 누나... jpg[148],누나(220.92),19098
96405,[기갤] 용산 참사원인나왔네 ㄷㄷ[742],ㅇㅇ(118.235),36654
96456,[강갤] 경찰청장 방문 항만서 못 700개 발견[256],강나라,26063
,소속사 때문에 가장 손해 본 것 같은 스타는?,,-
96454,[카연] 용사가 슬라임한테 구석 구석 핥아져서 죽는 만화 1화[96],미미쨩,19744
96474,[컴갤] 오늘자 공익 레전드[380],kisimunoni,39148
96452,[국갤] 깜짝.. 민노총 탈퇴 순기능 ㄷㄷㄷ[234],ㅇㅇ,28512
96476,[해갤] 손흥민이 벤투 손 뿌리쳤다? 실시간 영상 확인해보니[400],ㅇㅇ(116.120),26172
96472,[기갤] 구혜선이 렉카 이진호 고소한거 불기소 최종 처분이네[189],ㅇㅇ(211.243),22595
96450,[싱갤] 부산의 종교 메카로 불리는 동네 위엄.jpg[239],ㅁㅁ(113.130),29853
,"[디시人터뷰] 볼수록 빠져드는 순수한 매력의 걸그룹, ‘앨리스(ALICE)’",,-
96470,[주갤] 과수원게이 우즈벡 국제결혼기- 우즈벡환율 및 마지막2일[245],과수원게이,17834
96449,"[국갤] 대법원, '한동훈 독직폭행' 정진웅 무죄 확정[485]",Sutton,15173
96488,[야갤] 결혼 3년차 유부녀가 말하는 부부 현실(Feat. 일본여자)[1028],ㅇㅇ(103.142),54098
96468,[국갤] 서울지하철 협상했는데 민노총이 깽판침[289],ㅇㅇ(118.36),27367
96448,[디갤] 2022 재팬컵 도쿄경마장[74],상식의뒷면,6864
96486,[컴갤] 못난이 그래픽 판매자다! 게이들아[670],못난이노(183.102),34327
96466,[코갤] K 방산 근황 [492],ㅇㅇ(121.143),27578
96446,[야갤] 전라도 20대 여교사 성희롱 사건떴다.news[458],ㅇㅇ(58.142),28435
96485,[싱갤] 싱글벙글 중국집 사장님들이 좋아하는 드라마.JPG[332],ㅇㅇ(220.83),43650
96444,[야갤] 대다수 2030 에게 국제결혼이 현실이 된 이유[2400],ㅇㅇ(124.56),53426
96462,[싱갤] 싱글벙글 K부모의 말버릇[899],ㅇㅇ,57341
96480,[자갤] ㅋㅋㅋㅋㅋㅋㅋㅋㅋ한국인의 급한성격 최후[384],뽀통령,41781
96460,[한화] 음주석 70경기 징계..twt[118],oksusu,15809
96442,"[야갤] 조정훈 의원 ""이재명 절벽에서 뛰어내려라""[532]",ㅇㅇ(211.234),18695
96478,[야갤] 화물연대 파업의 목적과 안전운임제란?[649],ㅇㅇ(124.49),28756
96458,[해갤] 와 이강인 스페인 언론 인터뷰 봐라....jpg[468],ㅇㅇ(175.223),36783
96441,[코갤] 원신에 나오는 알하이탐 코스프레옷 개조시켜 봤다.[111],레나천사,10126
96481,[싱갤] 싱글벙글 조규성 일본 진출....jpg[405],ㅇㅇ(49.169),54166
96440,[국갤] 민노총 특혜논란…강북 노동자복지관 등 예산 전액 삭감[171],ㅇㅇ,10241
96438,[기음] 버거킹 블랙 어니언 와퍼 후기.jpg[329],dd(122.34),33265
96484,[중갤] 정부-화물연대 두번째 협상 40분 만에 결렬[307],ㅇㅇ,19149
96421,[야갤] 오늘 정자 검사해봄....jpg[188],건전맨,40292
96420,[싱갤] 싱글벙글 추억의 온라인게임 근황[166],아이작의번뇌,36150
96436,[아갤] 애플 뉴스룸 출시 오피셜뜸!!![222],ㅇㅇ(221.145),27397
96418,"[다갤] 알리바바 창업자 마윈, 中 탄압 피해 가족과 日에 은신[301]",App등이,20878
96426,[원갤] 집근처 맥도날드 리뷰 지리네[548/1],ㅇㅇ(175.113),42476
96428,[치갤] [시리즈] 구강 관리하고 충치 예방하기 5편 - 억까편[107],구강정보(138.199),11417
96416,[리갤] DRX 관계자 아닌척 댓글달다 뽀록남.jpg[199],ㅇㅇ(118.235),43266
96425,[싱갤] 싱글벙글 시어머니가 며느리를 괴롭힌 이유[164/1],레이퀀스뱅큐어,32109
96430,[A갤] 최근 콜롬비아에서 하마가 골칫덩이가 된 이유[264],이즈리얼48,26146
96424,[야갤] 요즘 여중생 마인드.pann[1150],음치탈출,77440
96429,[싱갤] 싱글벙글 산책빌런 강형욱의 최후.jpg[289],ㅇㅇ(24.155),50503
96422,[해갤] ★★가나전....알고보니 2002 업보 ㅋㅋㅋㅋㅋㅋ.jpg[457],ㅇㅇ(223.62),46439
96433,[야갤] 10만 중국인 투표권 박탈 추진.jpg[1405],ㅇㅇ(203.10),36453
96414,[S갤] 낭만의 시대 2010년 프로야구 모음.gif[153],최거최,13548
96410,"[야갤] 충격)) 촛불중고생연대, 서울시 보조금 받아 조선노동당 이해하기 강연ㅋㅋ[499]",TAENGGU,26930
96409,[국갤] “이재명 선거자금 42억 건네”대장동 업자 문서 확보[306],lllllll,13117
96413,[싱갤] 싱글벙글 되팔렘 참교육[161],ㅇㅇ(1.211),48760
96434,[캐갤] 캐나다로 이민갔다가 다시 돌아온 이유.jpg[1109],엘모(ELMO),36301
96408,[싱갤] 마리오 영화판 새 예고편 공개[305],ㅇㅇ,25511
96412,[자갤] 이거만 붙히면 연비증가한다함 ㅋㅋㅋㅋ[482],구만산맹뿌,35074
96406,[조갤] 조규성 페네르바체에서 영입준비중이래[180],모모야마지로우,17555
95902,[싱갤] 싱글벙글 버버리 근황....[235],minho,45557
,소속사 때문에 가장 손해 본 것 같은 스타는?,,-
95842,[스갤] ㅈ성이 진짜 큰일난이유....news[329],midNight(211.54),34819
,"[디시人터뷰] 볼수록 빠져드는 순수한 매력의 걸그룹, ‘앨리스(ALICE)’",,-
95900,[국갤] 찢 존나 다급하노 ㅋㅋㅋㅋ[891],ㅇㅇ,38114
95921,[토갤] 책상토이 만들었음[114],하비,8406
95867,[토갤] 해외에서 늘어나는 일본의 쓰레기 퍼포먼스 비아냥에 당황한 일본 (스샷ㅇ)[473],ㅇㅇ(112.212),28762
95870,[자갤] 싱글벙글 나라에서 돈 버는법[447],ㅇㅇ(49.174),36865
95920,[L갤] 태연언니 사기당하셨대 ㅠ[428],ㅇㅇ(118.235),43072
95866,[야갤] 충격... 해석불가... 한국어 방언.. 레전드...jpg[582],ㅇㅇ(59.4),72490
95898,[걸갤] 이번에 카카오엔터 세무조사 때문에 ‘소녀 리버스’도 공개 못함 ㅋㅋ[180],ㅇㅇ(58.140),17591
95917,[싱갤] 싱글벙글 최근 공대생 패션에 관해 알아보자[314],ㅇㅇ(112.152),45066
95864,[싱갤] 싱글벙글 공무원 계급도와 1급 공무원[264],jaeheezz,27530
95896,[야갤] 츄버지 공지 재입갤 ㅇㅇ..[253],ㅇㅇ(211.36),26105
95916,[디갤] 디붕이 출사 다녀옴[50],ㅇㅇ(211.207),5835
95863,"[미갤] S&P, 내년 미국 부도율과 경기침체, 금리인하는 호재인가?[79]",철옹성,11239
95894,[싱갤] 싱글벙글 한mc가 나락가게된 사건[535],ㅇㅇ(180.69),58640
95915,[주갤] 과수원게이 우즈벡 국제결혼도전기 5편 - 맞선 첫날[465],과수원게이,17576
95892,[국갤] 포항서 화물차 막아세운 민노총 노조원 2명 입건...경북 첫 사례[254],ㅇㅇ,15495
95862,[국갤] 도어스테핑 대신 “국민과 소통”…라이브 스튜디오 만든다[408],ㅇㅇ,11486
95889,[야갤] ㅓㅜㅑ...ㅂㅌㄴ 먼저 맛본 일본 상황.jpg[1124],샨테,80778
95859,[카연] 동정차별 manhwa.(2)[138],ㄴ비ㅇ,14558
95913,[싱갤] 싱글벙글 2022 일본 유행순위....jpg[416],ㅇㅇ(112.222),40177
95858,[싱갤] 싱글벙글 개콘이 떡락할 당시 방송수준[427],ㅇㅇ(124.50),56673
95912,"[새갤] 'ICBM 발사차량' 위 기념촬영하던 北 군인들, 우르르 추락[170]",search_and_destroy,18591
95856,[야갤] 베트남론...경험자들 반응...ㅗㅜㅑ[1270/1],파이어맨,62375
95911,[군갤] 우크라이나 상황으로 주목 받는 전력 공급 회복성[232],ㅇㅇ,25983
95879,[주갤] 한녀 돕다가 인생망한 흑우들 시리즈ㅋㅋ[536],스나이퍼갑(222.114),37891
95909,[중갤] 오늘자 포켓몬 애니... 9세대 입갤...jpg[501],ㅇㅇ(115.143),44586
95855,"[중갤] RE100 대표, 윤 대통령에 항의 서한[671]",미나Lee,15403
95887,[싱갤] 싱글벙글 사람들이 MBTI를 좋아하는 과학적인 이유[452],ㅇㅇ(58.127),37830
95854,[야갤] 서울 결혼식장 식대 근황.jpg[1136],ㅇㅇ(223.38),77376
95908,[싱갤] 싱글벙글 말벌 요리[356],Chart_Manager,29336
95884,[카연] 지진나서 대피하는.MANWHA[58],망상어,9941
95907,[미갤] 이번 대만선거에게 민진당이 진 이유[324],리우루,22017
95847,[국갤] (스압) 더탐사 무단침입 과정서 발생한 불법행위 총정리[416],ㅇㅇ(14.138),17484
95883,[명갤] 공식) 오늘부터 중국은 모든게임 판호 발급을 안내놓을것[304],뻬이몬,25291
95878,"[국갤] [속보]한동훈 ,정치깡패 더탐사..김의겸 같은 정치인과 협업[385]",lllllll,15554
95871,[국갤] 선거 앞 비아그라 건넨 前순천시의원 '불구속 기소'[140],lllllll,9791
95905,"[더갤] 현근택 일갈 ""이재명 사라지면 민주당 박살나는데 그걸 모르나""[517]",고닉팠,18091
95844,[일갤] 호쿠리쿠 아치(아님) 가을여행 6박 7일 (1일차/2일차)[26],심연의노래,2665
95882,[싱갤] 싱글벙글 ㅈ소기업 특징[574],ㅇㅇ,46775
95903,[군갤] 영국 BBC 기자가 상하이에서 취재중 공안에 폭행당해서 구금됨[268],스카타토,20465
95848,[피갤] 쇼트트랙 40대 성범죄 입건 코치 국가대표 출신 이씨[141],ㅇㅇ(223.62),14776
95876,[군갤] 지금 중국에서는 무슨 일이 일어나고 있나요?[407],제4제국국밥부장관,29809
95880,[야갤] 깜짝...23년 부동산 보유세 20년 수준으로 환원[429],ㅇㅇ(117.111),28745
95843,[싱갤] 싱글벙글 메이웨더를 이기는 여자[309],ㅇㅇ,40363
95874,[싱갤] 싱글벙글 몽골에서 택시 잡는법[251],ㅇㅇ(114.205),47117
95852,[삼갤] 라팍 운동회에 참가한 팬들이 '분노'한 이유는?.gisa[57],ㅇㅇ(223.33),10215
95872,[빌갤] 카디 비 스트리밍 주작 의혹[186],ㅇㅇ(39.7),22280
95850,[야갤] 한국...포르투갈전 승리 가능성 올라갔다 ㄹㅇ...jpg[435],Adidas,60233
95851,[싱갤] 싱글벙글 빠른년생[354],ㅇㅇ(124.50),50675
97044,[야갤] 일본 축구...소름 돋는 이유.....jpg[518],ㅇㅇ(180.66),22010
,소속사 때문에 가장 손해 본 것 같은 스타는?,,-
,"[디시人터뷰] 볼수록 빠져드는 순수한 매력의 걸그룹, ‘앨리스(ALICE)’",,-
96991,[싱갤] 어나니머스 백지혁명 참전: 푸젠성/복건성 정부홈페이지다운 #OpChina[118],ㅇㅇ,9990
97042,[싱갤] 훌쩍훌쩍 방송 프로그램 하나가 망가진 순간[226],Chart_Manager,42370
30638,실시간베스트 갤러리 이용 안내[798/2],,570224
97038,[기갤] 스페인 공주가 덕질하는 스페인 축구국대[125],ㅇㅇ(211.36),16798
97079,[야갤] 금은방 부수고 턴 10대들 검거[2],ㅇㅇ(37.19),160
97036,"[국갤] 민주노총 “尹 ‘무찌르자 민주노총’, 국민들은 현혹되지 않는다”[308]",ㅇㅇ,11648
97078,[중갤] [충격] 칼리스토 프로토콜 국뽕 모음...jpg[61],ㅇㅇ(121.161),6679
97034,[싱갤] 소름소름 소설 속 피싱조직.jpg[106],ㅇㅇ,15153
97030,[카연] 소꿉친구가 여친이생겼다 7화[84],유화_,7952
97028,[캐갤] 선거 승리 후 밴쿠버/BC 정부의 파격행보[62],planbc,4834
97076,[치갤] [시리즈] 구강 관리하고 충치 예방하기 5.5편 - 중간 QNA[27],구강정보(138.199),1154
97074,[야갤] 호날두 일본대하는 태도 vs 한국대하는 태도...jpg[263],메좆의야짤타임10,23184
97059,[야갤] 싱글벙글... Q&A... 日 왕가슴.. 누나... jpg[148],누나(220.92),19098
97060,"[초갤] 교대,사대 전문대학원으로 개편예정[311]",ㅇㅇ(59.13),10411
97057,[싱갤] 트랜스포머 역대 여주들 비교...(충격주의)[267],ㅇㅇ,13237
97055,[M갤] 일본격투기계를 이끄는 아사쿠라 형제 이야기 (1).gif(데이터주의)[41],ㅇㅇ(218.235),3795
97006,[모갤] 조합원 노조비로 고급뷔페 즐기는 철도노조 근황 ㄹㅇㅋㅋ[550],ㅇㅇ(222.236),19815
97026,[싱갤] 싱글벙글 스시녀들이 뽑은 한국에 가면 하고싶은것들[494],ㅇㅇ,34584
97054,[자갤] 로드탁송 실상을 파헤쳐보자.gisa[117],ㅇㅇ(182.222),8103
97024,[국갤] 더참사를 향한 조선생님의 일침…news[182],㈜개잡주,12480
97051,[해갤] 일본 하지메 감독 16강 진출전에한 인터뷰 떴다[148],야갤학,9703
97050,[여갤] 조규성 진짜 여친은 걸그룹 빌리 하람 친언니[209],메이슨마운트,20558
97005,[싱갤] 싱글벙글 은근 한국에서 고평가 받는 인물.jpg[256],ㅇㅇ(1.244),44765
97022,[롯데] 오늘 방출된 망천선수 방출 사유[114],ㅇㅇ(223.38),16418
97048,[싱갤] 싱글벙글 픽사 애니 흥행 성적 순위[136],ㅇㅇ(220.87),12463
97047,[농갤] 나이키 농구 국대 스폰도 짤렷네[160],ㅇㅇ(218.39),14208
97003,[그갤] 그림을 그려요[71],ㅇㅇ(125.186),6879
97020,[싱갤] 싱글벙글 서울대 포기하고 부경대가서 성공한 회장님[294],ㅇㅇ(49.171),33587
97046,[국갤] 남양유업 마약 사건… '검수원복' 덕에 잡았다[224],삼색냥집사,12772
97002,[가갤] 가붕이 블랙선 다보고 후기남기는 Manhwa.[50],습기제로,5773
97018,[차갤] 위믹스 가처분 심리 변호단 주장 요약[56],월차,7229
97001,"[기갤] 한동훈, 중국인투표권 박탈 가능성시사..네티즌들 ""적극 지지""[525]",ㅇㅇ,16720
97012,"[국갤] 검찰, 조국 징역 5년 구형…입시비리·감찰무마 혐의[305]",삼색냥집사,11072
97014,[싱갤] 싱글벙글 칼을 맨손으로 막을수있는가? (실험영상)[426],ㅇㅇ(39.125),32240
96999,[싱갤] 싱글벙글 서구로 망명한 KGB 아재.jpg[250],ㅇㅇ(58.140),20324
97008,[카연] 초딩때 아는 누나 알몸 봤던 썰 Manhwa[218],악연,35383
97016,[건갤] 건담으로 보는 ㅈ소의 현실[113],ㅇㅇ,25478
96998,[기음] 맥날 신메뉴 산타 고기 버거.jpg[264],dd(122.34),27992
96997,"[국갤] 9일째 화물연대 파업중, 정부 각 트럭마다 명령서 부착중[248]",7059#,13550
96995,[칸갤] 칸예: 난 히틀러가 좋다[341],M4D,18196
96993,"[국갤] '서해 피격' 유족 측 ""문재인 입장문, 유죄 증거로 내겠다""[230]",삼색냥집사,13234
97072,[카연] 단편)소꿉친구와 팔씨름 하는법 manhwa.[중][50],앞구르기,4988
97071,[싱갤] SBS 생활의 달인 레전드편[99],피넛버터젤리,28126
97064,"[국갤] 화물파업에 공공주택 입주 차질…LH ""손해배상 청구 검토""[123]",ㅇㅇ,5912
97069,"[국갤] ""적반하장·졸렬·국민에 선넘어""…與, 文 겨냥 집중포화[125]",ㅇㅇ,4059
97067,[싱갤] 싱글벙글 월드컵 일본 응원 스시녀의 정체[238],ㅇㅇ(211.223),20466
97061,[싱갤] 훌쩍훌쩍 칸예 이제 사회적으로 죽은 이유[291],ㅇㅇ,18051
97065,[기음] 양주 처음 먹어보는 2001년생들[334],공장,12530
97063,[5갤] AGF 난리났네 ㅋㅋ[122],쿠쿠ㅎㅏ세요,10000
96024,[싱갤] 싱글벙글 야갤 씹덕 영화 평점 테러 모음 . jpg[331],lunar,45427
,소속사 때문에 가장 손해 본 것 같은 스타는?,,-
,"[디시人터뷰] 볼수록 빠져드는 순수한 매력의 걸그룹, ‘앨리스(ALICE)’",,-
96129,[국갤] 민주당 지지자들 내전 근황 (ft. 싸이코패쓰)[225],lllllll,21506
96128,[싱갤] 속보속보 서울 한파경보 발령..news[223],ㅇㅇ(118.221),26409
96089,[군갤] 니네 포항시랑 해군이랑 존나 싸우고 있는거 암?[546],무혐의,39719
96090,[주갤] 돈 많은 남친이랑 사귈때가 행복했었다는 인티녀[367],주갤현자,40428
96085,[일갤] [콘테스트]2022일본의 가을(스압주의)[47],До%D1%81видани,4053
96127,[야갤] 츄.. 폭로 반박 떴다 ..jpg[332],3dd(121.183),47270
96084,[만갤] 통계 자료로 보는 베트남론의 무서운 진실.jpg[1643],ㅇㅇ(39.121),28925
96125,[해갤] 한국 가나전 해외반응..jpg[576],ㅇㅇ(118.35),82087
96082,[싱갤] 싱글벙글 대학생들 마인드[261],ㅇㅇ(180.69),70479
96124,[국갤] 결국 이상민 장관님 해임 건의안 발의함[185],lllllll,10617
96080,[토갤] 강원랜드 짧은 후기[191],토갤매화검존,28483
96053,[싱갤] 니거니거 니그로[368],커요밍,67865
96057,[군갤] 동독군 해산 과정에서 유일하게 살아남은 부대[65],ㅇㅇ,29700
96121,[싱갤] 싱글벙글 중국 백지혁명 여러 사진들[374],ㅇㅇ,27443
96079,[주갤] 결혼하면 전업주부가 하고 싶은 인티녀들[516],주갤현자,32513
96120,"[국갤] 경찰, 한동훈장관과함께 가족 신변보호 조치[253]",이별의순간,15624
96077,[야갤] 축신두...10분 사이 벌어진 일.gif[250],캡증,39853
96119,[스갤] 실시간 심판 인스타 근황...[561],ㅇㅇ(221.155),45270
96051,[디갤] 가을 끝무렵의 삼양목장..(17 pics)[24],miq,6026
96073,[싱갤] 시발시발 폐급녀 [528],ㅇㅇ(118.39),105523
96117,[카연] 40먹은 아재가 기억하는 가정폭력 아동학대 만화(1부)[395],더샴(121.143),16526
96050,[카연] 중딩 때 사람 때린 썰.manhwa[163],햄시,30067
96116,[국갤] ‘쇠구슬 투척’ 혐의 포함…민노총 화물연대 12명 수사 중[245],3075#,16156
96071,[카연] 딸치다 이세계로 소환된 용사 만화 - 13[67],엠몽,17861
96048,[주갤] 아내가 외도을 했지만 사회적 시선때문에 이혼을 고민하는 남편[245],주갤현자,40500
96069,[군갤] 핵무기 안전/보안(핵공유가 의미 없는 이유)[283],Anthrax836,27041
96115,[갤갤] 갤붕이들에게 쉽게 설명하는 통신사 끼고 구매하는 구조[222],ㅇㅇ,24951
96040,[야갤] 대한민국 개같이 멸망... 선제골 허용... gif[396],김성근,46286
96067,[싱갤] 싱글벙글 개콘 떡락 당시 방송수준2[345],ㅇㅇ(222.96),63022
96113,[싱갤] 싱글벙글 벨기에 폭동 근황[411],ㅇㅇ(116.41),51439
96038,[싱갤] 울끈불끈 악력 100키로 이상만 가능하다는 묘기[343],ㅇㅇ(211.202),71992
96065,[야갤] 손흥민.....능욕.....GIF[666],황금향,90502
96100,[파갤] 퍙붕이의 국립생태원 에코리움 방문기(1)[34],뇌내걸,3277
96102,[싱갤] 싱글벙글 군대 재입대 체험하기..jpg[272],추격,53042
96061,[일갤] 2022.11.25. 교토 당일치기 여행[54],앗카링~,9685
96036,[야갤] 회사 생활하면서 본...제일 심한 컴맹 ㄹㅇ...jpg[585],Adidas,99107
96112,[미갤] 하와이 화산 분화[123],ㅇㅇ(210.95),17371
96030,[야갤] 쌉ㅇㅈ 대한민국 최고 직업 [1090],ㅇㅇ(223.33),79143
96111,[야갤] 강원도 전방 부대에서 이등병 원인미상 총상 사망.jpg[888],ㅇㅇ(223.38),49059
96028,[중갤] ㅈ소 만화 식빵툰 1화 ㅈ소특[80],식빵이,16560
96109,"[상갤] 해리포터 억까, 유언비어 수준...jpg[175]",ㅇㅇ(117.111),28905
96094,[카연] 중국형벌잔혹사 여치의 삶 ep.1[184],임여치,20262
96108,"[주갤] ""성폭행당했다"" 17차례 거짓신고 30대 집행유예[361]",ㅇㅇ(211.197),27450
96092,[싱갤] 안싱글벙글 일본의 방송계 군기[688],ㅇㅇ(124.50),53892
96107,[해갤] 벤투가 경기 끝나고 선수들 찾아간 이유.jpg[575],ㅇㅇ(172.226),71405
96099,[배갤] 2022년 8월~10월 여행기 17. 이탈리아 제노아[28],사과쟁이,2367
96104,[싱갤] 일본 20대 여배우vs한국 20대 여배우 ㄷㄷㄷ…JPG[712],ㅇㅇ(112.157),51619
96097,[싱갤] 약혐?) 싱글벙글 자위하다 병원에 실려온 사례[439],ㅇㅇ,73066
96095,[디갤] 찐찐찐찐찐찐막 가을좀 잡솨봐봐.webp[56],도식,6090
96609,[카연] 아이 러브 세옥수.manhwa[109],파돌,27170
96667,"[국갤] 기름 떨어진 주유소, ""군 탱크로리 투입""[284]",lllllll,23941
96685,[아갤] 블라 재밌네 ㅋㅋ[169],ㅇㅇ(119.196),27338
96683,[군갤] 화웨이폰에서 시위영상이 실시간으로 삭제 된다고[348],대전차존버맨,24815
,소속사 때문에 가장 손해 본 것 같은 스타는?,,-
96643,[유갤] 유붕이 첫 캠핑 후기[131],우소야데,7398
96682,[싱갤] 안싱글벙글 칸예 근황[335],ㅇㅇ(125.129),42385
,"[디시人터뷰] 볼수록 빠져드는 순수한 매력의 걸그룹, ‘앨리스(ALICE)’",,-
96695,"[국갤] 화물연대 파업' 냉동생선·김치 폐기…""중소·중견기업 피해 막심""[351]",lllllll,18076
96694,[해갤] [FIFA 월드컵] 2라운드 각 경기별 MOM...jpg[80],ㅇㅇ(121.168),17044
96691,[싱갤] 싱글벙글 각 인종을 비하하는 단어들[318],ㅇㅇ,40461
96641,[싱갤] 오들오들 90년대생 교과서[481],ㅇㅇ(221.152),32290
96690,[야갤] 오늘자 개처럼 말아먹은 윤석열 경제 ㄹ황ㅋㅋㅋ[637],ㅇㅇ(211.36),41576
96638,[인갤] 페어리 테일즈 #37 - 프롤로그 및 알라우네[41],태보미코,3563
96689,[편갤] 편돌이 또 하나 폭행당했노... [829],친환경봉투,29991
96636,[싱갤] 싱글벙글 남베트남 최후의 합참의장[231],드골,28819
96687,[중갤] 검찰 ”‘추미애 아들 휴가 승인한 적 없다’는 장교 진술 일관“[257],미나Lee,16572
96635,[케갤] 케이온 무대배경 탐방기(4) -完-[57],ㅇㅇ(118.235),3328
96633,[카연] 옆자리 여자애가 엘프가 된 만화2.manhwa[71],토끼귀남자,15833
96686,[한화] 하주석 사과문 떴다[235],ㅇㅇ(121.124),20394
96631,[코갤] [로켓단]로이의 4박5일 부산여행과 지스타 3일 후기입니다^^[52],애커스,4670
96681,[중갤] 무차별 폭행한 뒤 CCTV 사각지대로…'사라진 8분'[628],나뭇잎☆,20227
96630,[싱갤] 컨셉을 잘 잡은 포켓몬 신작 노멀타입 관장.jpg[230],무스탕,44579
96610,[싱갤] 싱글벙글 앞으로 20년간 한국 축구.jpg[295],ㅇㅇ(175.112),75058
96671,[미갤] 뉴스) 이란에서 축구때문에 총맞고 사망[137],블락바이앤써니데이비스,23832
96669,[주갤] 연애 주파수 듣는 인티녀[487],주갤현자,37529
96670,[중갤] 이재용 법원서 계란 테러…봉변에 깜짝 놀라[435],미나Lee,23963
96655,[디갤] (webp) 3년만에 떠난 일본 -1-[51],째트삼,4686
96662,[싱갤] 남성용 기능성 팬티 회사 사장 아저씨 따라갔다가 망한 썰[227],Empire,34905
96659,"[카연] 혐오스러운 선빈씨의 인생 2화 - 귀신촌, 거지 왕자님 (1부)[79]",더샴,6279
96665,[디갤] 전남 공모전 난리났네[353],에리카카라타,27703
96658,[싱갤] 상승상승 일본 계란 가격 근황[434],ㅇㅇ,54276
96663,[야갤] 이근 근황.jpg[849],ㅇㅇ(156.146),76414
96674,[군갤] 엌ㅋㅋㅋㅋ 북한 금괴 이송중에 탈취됨ㅋㅋㅋㅋ[500],함안함,39421
96678,[국갤] 서울교통공사 파업 상황정리[373],ㅇㅇ(118.36),25046
96677,[싱갤] 고전) 싱글벙글 어댑터[124],따뜻한냉커피,30227
96657,[근갤] 삼성생명 근황[168],주게이,24931
96679,[중갤] '김건희 파일' 핵심 인물 자진 귀국 뒤 체포…왜?[129],미나Lee,11030
96623,[오갤] [프라텔로 X 오리스] 콜라보 한정판 식스티파이브 짤 퍼옴.JPG[40],긍정왕!,4504
96620,[주갤] 신혼인데 와이프가 바람 핀 블라인드인[291],주갤현자,45890
96628,[블갤] (요?리)히나 선도부장을 위한 커피 직접 볶아 봤다[67],짜르봄바,7464
96621,[싱갤] 의외의외 은근히 판타지 장르에 등장하는 한국무기.jpg[397],ㅇㅇ(125.188),50245
96626,[수갤] 두번째 김천 방문의 날..[73],그냥..,8185
96666,[싱갤] 오싹오싹 학교에서 살인사건 만화[312],ㅇㅇ(112.170),37450
96650,[야갤] 오늘자 MAMA... 아이들.... 아이브 2차 저격... jpg[1054],ㅇㅇ(59.31),64443
96616,[싱갤] 훌쩍훌쩍 로켓단 감동 에피소드[303],ㅇㅇ(221.167),32502
96654,[해갤] 메시 pk실축 ㄷㄷ...gif[222],ㅇㅇ(121.138),29093
96648,"[기갤] 민주당 장윤미 ""더참사의 위력에 의한 보복범죄는 최대 징역 7년가능""[222]",ㅇㅇ,16243
96649,[싱갤] 훌쩍훌쩍 교복의 전설[234/1],ㅇㅇ,49244
96653,"[국갤] 국토부 ""업무개시명령 후 시멘트운송 2배 증가""[353]",ㅇㅇ,15623
96646,[군갤] 우러전쟁으로 알아보는 드론 전쟁.[239],후지토라,17042
96615,[디갤] 좆니지만 영하 20도에서 찍을 수 있읍니다..[167],작은불빛땅,30157
95923,[싱갤] 감동감동 한국 국대로 뛰기 위해 일본 국적을 포기한 소녀.jpg[383],ㅇㅇ(175.194),35692
95977,[해갤] 아파트 주차장입구에서 자던 사람 하늘이 도왔네요 후후....[226],ㅇㅇ(175.210),32127
95975,"[기갤] 한동훈 장관, 3분기 업무추진비 474만원…전임 장관 '3분의 1'[828]",ㅇㅇ,28819
,소속사 때문에 가장 손해 본 것 같은 스타는?,,-
,"[디시人터뷰] 볼수록 빠져드는 순수한 매력의 걸그룹, ‘앨리스(ALICE)’",,-
96022,[케갤] 케이온 무대배경 탐방기(1)[79],ㅇㅇ(118.235),7607
96020,[로갤] 일본본주반주) 19일차 하코네에서의 하이라이트[43],맥아티장군,5904
96018,[국갤] 한국운동권의 공산당 결성 사건.jpg[366],ㅇㅇ(211.192),24655
96014,[싱갤] 싱글벙글 인생을 200% 즐기는 여대생.jpg[1054],ㅇㅇ(175.206),95950
96012,[카연] 유튜브 쇼트 따라하기[173],세발자전거,37702
96010,"[야갤] 전국 최대규모 좌빨 사관학교 , 페미가 완전 장악한 학교 [430]",ㅇㅇ(106.255),52532
95947,[야갤] 인간으로 착각한 침팬지 이야기..jpg[251],띵동츄예요,36830
96008,[해갤] 한국 이번 월드컵 성적 예언한 만화...MANHWA[274],ㅇㅇ(203.226),41283
95972,[해갤] 우리 오늘 가나초콜릿 찢을 수 있냐?[455],ㅇㅇ(112.187),34224
96006,[싱갤] 오싹오싹 독일에 CCTV가 없는 이유.JPG[484],ㅇㅇ(119.70),73733
95970,[타갤] 피구왕 통키 신연재 시작[394],ㅇㅇ(112.223),23346
96001,[야갤] 외모 때문에 한국혼혈로 의심받은 벳녀.jpg[773],ㅇㅇ(183.101),108042
95999,[주갤] [서울대에타같이보자] 전투력 ㅆㅅㅌㅊ 설대생들 ㅋㅋ[536],しゅか?わるど☆,56045
95969,[야갤] 백범김구 증손녀 태국최고 재벌그룹 아들이랑 결혼하네 [406],ㅇㅇ(39.7),30001
95997,[가갤] 조카랑 그림그리고 있다...[313],유딘님,26223
95967,[싱갤] 싱글벙글 카타르에서의 노출로 논란 중인 미스 크로아티아...[236],ㅇㅇ(125.143),51740
95995,[싱갤] 싱글벙글 어린왕자 작가 후일담.jpg[366],ㅇㅇ,56693
95993,[미갤] 제발 국제뉴스는 그 나라 뉴스를 직접 찾아봐라[298],ㅇㅇ(112.166),29497
95965,"[부갤] 김구라, 15년 전 2.7억에 샀던 3천평 철원땅, 가격은?""망한 거다[316]",ㅇㅇ(223.39),38379
95986,[싱갤] 어이상실 CNN 옷 ㄹ황...[560],ㅇㅇ(118.221),69576
95961,[야갤] 박원순 유족 성추행 인정한 법원판결 불복 항소[432],TAENGGU,17623
95981,[중갤] NC가 한국 게이머를 완벽히 이해하게 된 게임.jpg[926],ㅇㅇ(220.79),50942
95983,[야갤] 공익한테 개인정보 떠넘긴 구청.jpg[291],ㅇㅇ(118.235),37667
95985,[D갤] 사진 영상 후기) 우승 카페 갔다 옴[46],ㅇㅇ,11700
95991,[야갤] 주갤현자다. 베트남론 주요비판논리 전부 반박해줌.[2385],ㅇㅇ,30223
95987,"[군갤] 미국"" 한국 핵무장 시도시 각오해라""[1469]",ㅇㅇ,53426
95958,[싱갤] 싱글벙글 럭키멜론 빌보드가 선정한 2010년대 최고의 가수[191],닥터드레,18764
95956,[롯데] 안지현이 직접 서빙해준대 ㅅㅅㅅ[250],ㅇㅇ(180.65),35760
95955,[야갤] 윤석민 똥군기 이거 범인 누구임 ??[136],ㅇㅇ(121.161),19818
95953,[써갤] 이달의 소녀 비비·현진 제외 9명 계약 해지 소송 중.[229],ㅇㅇ(180.71),27901
95950,[싱갤] 피슝피슝 최종병기 활의 곡사는 가능할까?[396],ㅇㅇ(220.119),39775
95948,[연갤] 치토세 요시노의 프로의식[164],ㅇㅇ(218.148),23544
95989,"[국갤] [단독]정부, 시멘트 운송차에 업무개시명령 우선 발동키로[405]",lllllll,18319
95924,[야갤] 일녀 칭찬에.. 분노한... 에타녀들...jpg[691],ㅇㅇ(211.168),60071
95944,[싱갤] 싱글벙글 의사가 말하는 공부 잘하는 방법[367],ㅇㅇ(59.28),56046
95942,[해갤] 이ㅅㄲ 진짜 탐폰꼈네[350],김한수,54825
95938,[싱갤] 싱글벙글 김민경 첫 사격 국제대회 ㄹㅇ 최종순위[515/1],ㅇㅇ(183.101),48567
95937,[싱갤] 싱글벙글 몽골의 한류 (스압)[397],Chart_Manager,24862
95936,[장갤] (장문) 지금 출판업계가 웹소설업계에 마수를 뻗치는 이유[290],회귀자채나윤,22115
95934,"[국갤] 유시민, 참사명단 공개 매체서 '조금박해, 유명세 얻으려 黨 비판'[217]",3075#,17069
95932,[싱갤] 싱글벙글 여자가 한명도 안나오는 영화들[312],211.36(180.71),59825
95964,"[카연] ""빵셔틀 노조"".Manhwa[88]",가면군,21256
95931,[부갤] 입주 한달된 신축아파트 천장에서 물벼락[361],반지하제왕(221.162),25340
95927,[군갤] 뭔가 1차 세계대전이 생각나는 우러전쟁.[326],후지토라,25654
95928,[출갤] 군대에서 죽은 수능 전국 2등 아들 근황.........[1072],ㅇㅇ(211.213),56014
95925,[카연] 거유 대마법사 스승님과 풋내기 꼬마 제자 manhwa-10-[138],칠리가이,24129
95929,[해갤] 48개국 월드컵 변경점[583],ㅇㅇ(51.222),35054
96903,[군갤] 바흐무트에 관한 오해 풀기 (feat. 군붕중대)[105],첩붕이,11076
96954,[싱갤] 싱글벙글 감동촌[225],ㅇㅇ(110.9),27118
96953,[기갤] 단독]쌍방울 北요청 받고 경기도 낼 경협비용 50억 대납 [135],ㅇㅇ(43.201),9929
96955,[야갤] mbc.....일본 죽음의 조 추첨 반응....jpg[662/1],ㅇㅇ,43110
96951,[카연] 파이어X걸 - 5[41],ㅉㅉㅂ,6022
,소속사 때문에 가장 손해 본 것 같은 스타는?,,-
96949,[해갤] 크로아티아 16강 진출 벨기에탈락 장면 ...gif[107],야갤학,33789
,"[디시人터뷰] 볼수록 빠져드는 순수한 매력의 걸그룹, ‘앨리스(ALICE)’",,-
96947,[싱갤] 화제의 인디아나 존스 5 예고편 드디어 공개!(속보)[173],ㅇㅇ,12176
96990,"[국갤] 민주, 방송법도 '무소속 꼼수'..제동 걸리자 자당 출신 동원[136]",lllllll,10457
96946,[도갤] 일본 사회에 큰 충격을 줬던 의인 이수현[306],ㅇㅇ(142.93),22638
96989,[갤갤] 워치페이스 직접 만들었는데 광고해도 됨?[170],ㅇㅇ(222.100),12267
96942,[유갤] 진하해수욕장에서 2박3일 캠핑 ㅎㅅㅎ[55],알트싫어함,7168
96987,[더갤] YTN 돌발영상 [무기여 잘 있거라][582],LG생활건강,13547
96941,"[야갤] 남욱 ""이재명도 우리랑 감옥 들어가야죠"" ㅋㅋㅋㅋㅋㅋㅋㅋㅋ[396]",TAENGGU,41762
96986,[싱갤] 싱글벙글 지우 피카츄의 과거와 이모저모[196],ㅇㅇ(180.92),16761
96939,[야갤] 덩실덩실.. 리즈시절... 치어리더... 누나... gif[184],누나(220.92),31486
96985,[중갤] 메이플.. 감동적인 더미데이터 .jpg[523],왕구리,39393
96938,"[야갤] 민주당 윤건영, 이태원 간담회서 “입금 감사” 문자[363]",ㅇㅇ,26491
96983,[싱갤] 싱글벙글 요즘 학생들은 잘 모르는 훈남의 기원[253],ㅇㅇ(140.248),45318
96982,[기갤] 기안84가 영국음식 개노맛이래ㅋㅋㅋㅋ[731],ㅇㅇ(211.36),29202
96937,[해갤] 일본 논란 골 다른 각도+해외반응 ㅗㅜㅑ[703],ㅇㅇ(49.172),48121
96981,[야갤] 요즘 조선족들 근황.jpg[1325],ㅇㅇ,71751
96919,[주갤] 혼전순결 욕하다 극딜맞는 간조새 누나(feat.블라)[871],ㅇㅇ(211.234),38027
96921,"[스갤] 오피셜)""2022년 k pop탑 100 이세돌 리와인드""[339]",ㅇㅇ(118.235),18307
96917,[싱갤] 보글보글 뚱이가 사실 ㅈㄴ 똑똑한 새끼인 이유[241],ㅇㅇ(121.146),47922
96915,[보갤] (념요청)송기흔 유튭보니까 이제야 퍼즐이 맞는거같다[45],ㅇㅂ(175.223),12986
96933,[군갤] 우크라이나 대사관 포함 3개의 편지폭탄이 발견된 스페인[114],ㅇㅇ,18042
96978,[싱갤] 싱글벙글 여자들이 환장하는 이탈리아어 작업멘트..png[218],ㅇㅇ(61.105),42191
96913,[디갤] 풍경과 주인공들…20장[52],12b,4157
96931,"[국갤] 화물연대 ""정부가 무슨 권리로 명령하나... 총파업 투쟁 계속""[610]",3075#,24315
96977,[카연] (단편)양손 잃은 천재 피아니스트 만화[225],Garurai,13110
96929,[노갤] [센지순례] 강남 %아라비카커피 코엑스점 방문후기[45],프로미스구구,6902
96975,[야갤] 또... 사고친... 남양유업... 자식농사.. 참사... jpg[273],자식농사(220.92),27376
96927,[야갤] 정부 “여성폭력 젠더폭력 용어 삭제한다” ㄷ ㄷ ㄷ[939],ㅇㅇ(218.149),51401
96974,[순갤] 여경또떴다[462],ㅇㅇ(59.3),29388
96925,[싱갤] 싱글벙글 블랙팬서에 가려진 pc폭망작[206],ㅇㅇ(211.214),44203
96923,[유갤] 취미대란 일으킨 애니[293],ㅋㅋㅋ(119.197),31386
96907,[출갤] 사람들이 잘 모르는 문크의 업적 [615],ㅇㅇ(221.143),33117
96973,[싱갤] 위잉치킹 트랜스포머 신작 공개...gif[525],ㅇㅇ(115.143),32273
96905,[싱갤] 싱글벙글 편집대회[165],ㅇㅇ,36990
96971,[해갤] 국뽕 유튜브 반응 떳다 ㅋㅋㅋㅋㅋㅋㅋㅋㅋㅋㅋㅋㅋ[379],ㅇㅇ(180.229),43399
96969,[주갤] 여대 가기 싫은 애들 들어와봐~~[415],주갤현자,28314
96962,[야갤] 일본 죽음의조 1위… 오늘자 역대급 웃음벨 ㅋㅋ.jpg[701],ㅇㅇ(123.213),57187
96970,[스갤] 인도 끌려간 여자 스트리머 누구냐??[512],훈노다,52902
96963,[싱갤] 싱글벙글.. 다음주 유퀴즈 깜짝 게스트[205],삼보마스터,40601
96909,[그갤] 여자그림[60],점심3,14457
96961,[주갤] 오늘자 도축 기사.jpg[348],맘똑티비애청자,26274
96966,[싱갤] 당신은 이 아이의 친부가 아닙니다 [286],ㅇㅇ(121.172),41762
96957,[더갤] 댓읽기에서 미성년자 성착취물 기사 취재기자가 썰푸는데[494],Olleo,21704
96958,[싱갤] 싱글벙글 응원단 근황[108],ㅇㅇ(211.179),23575
96967,[야갤] 애미추 진짜 ㅈ됐다.jpg[509],ㅇㅇ(221.151),59790
